table,metric,crop,model,seed,split,status,value_raw,value_rounded,unit,source_artifact,calculation_method,notes
7.1,accuracy,turmeric,ConvNeXt-Tiny,42,test,available,0.989247311827957,98.92%,ratio,ml/calibration/cache/turmeric_test_logits.npz,"sklearn.metrics.accuracy_score(labels, argmax(logits))",N=186 test samples
7.1,macro_f1,turmeric,ConvNeXt-Tiny,42,test,available,0.9897353609163622,0.9897,score,ml/calibration/cache/turmeric_test_logits.npz,"sklearn.metrics.f1_score(labels, preds, average='macro', zero_division=0)",
7.1,macro_precision,turmeric,ConvNeXt-Tiny,42,test,available,0.99212158808933,0.9921,score,ml/calibration/cache/turmeric_test_logits.npz,"sklearn.metrics.precision_score(labels, preds, average='macro', zero_division=0)",
7.1,macro_recall,turmeric,ConvNeXt-Tiny,42,test,available,0.9875331564986738,0.9875,score,ml/calibration/cache/turmeric_test_logits.npz,"sklearn.metrics.recall_score(labels, preds, average='macro', zero_division=0)",
7.1,accuracy,citrus,EfficientNetV2-S,42,test,available,0.927264614011602,92.73%,ratio,ml/calibration/cache/citrus_test_logits.npz,"sklearn.metrics.accuracy_score(labels, argmax(logits))",N=2241 test samples
7.1,macro_f1,citrus,EfficientNetV2-S,42,test,available,0.8863479433188739,0.8863,score,ml/calibration/cache/citrus_test_logits.npz,"sklearn.metrics.f1_score(labels, preds, average='macro', zero_division=0)",
7.1,macro_precision,citrus,EfficientNetV2-S,42,test,available,0.8822263744383104,0.8822,score,ml/calibration/cache/citrus_test_logits.npz,"sklearn.metrics.precision_score(labels, preds, average='macro', zero_division=0)",
7.1,macro_recall,citrus,EfficientNetV2-S,42,test,available,0.8915087202565294,0.8915,score,ml/calibration/cache/citrus_test_logits.npz,"sklearn.metrics.recall_score(labels, preds, average='macro', zero_division=0)",
7.2,Dry Leaf_precision,turmeric,ConvNeXt-Tiny,42,test,available,1.0,1.0000,score,ml/calibration/cache/turmeric_test_logits.npz,"sklearn.metrics.precision_score(labels==cls, preds==cls)",
7.2,Dry Leaf_recall,turmeric,ConvNeXt-Tiny,42,test,available,1.0,1.0000,score,ml/calibration/cache/turmeric_test_logits.npz,"sklearn.metrics.recall_score(labels==cls, preds==cls)",
7.2,Dry Leaf_f1,turmeric,ConvNeXt-Tiny,42,test,available,1.0,1.0000,score,ml/calibration/cache/turmeric_test_logits.npz,"sklearn.metrics.f1_score(labels==cls, preds==cls)",
7.2,Dry Leaf_support,turmeric,ConvNeXt-Tiny,42,test,available,31,31,count,data/metadata/splits/turmeric_test.csv,np.bincount(labels),
7.2,Healthy_precision,turmeric,ConvNeXt-Tiny,42,test,available,0.9838709677419355,0.9839,score,ml/calibration/cache/turmeric_test_logits.npz,"sklearn.metrics.precision_score(labels==cls, preds==cls)",
7.2,Healthy_recall,turmeric,ConvNeXt-Tiny,42,test,available,1.0,1.0000,score,ml/calibration/cache/turmeric_test_logits.npz,"sklearn.metrics.recall_score(labels==cls, preds==cls)",
7.2,Healthy_f1,turmeric,ConvNeXt-Tiny,42,test,available,0.991869918699187,0.9919,score,ml/calibration/cache/turmeric_test_logits.npz,"sklearn.metrics.f1_score(labels==cls, preds==cls)",
7.2,Healthy_support,turmeric,ConvNeXt-Tiny,42,test,available,61,61,count,data/metadata/splits/turmeric_test.csv,np.bincount(labels),
7.2,Leaf Blotch_precision,turmeric,ConvNeXt-Tiny,42,test,available,0.9846153846153847,0.9846,score,ml/calibration/cache/turmeric_test_logits.npz,"sklearn.metrics.precision_score(labels==cls, preds==cls)",
7.2,Leaf Blotch_recall,turmeric,ConvNeXt-Tiny,42,test,available,0.9846153846153847,0.9846,score,ml/calibration/cache/turmeric_test_logits.npz,"sklearn.metrics.recall_score(labels==cls, preds==cls)",
7.2,Leaf Blotch_f1,turmeric,ConvNeXt-Tiny,42,test,available,0.9846153846153847,0.9846,score,ml/calibration/cache/turmeric_test_logits.npz,"sklearn.metrics.f1_score(labels==cls, preds==cls)",
7.2,Leaf Blotch_support,turmeric,ConvNeXt-Tiny,42,test,available,65,65,count,data/metadata/splits/turmeric_test.csv,np.bincount(labels),
7.2,Leaf Spot_precision,turmeric,ConvNeXt-Tiny,42,test,available,1.0,1.0000,score,ml/calibration/cache/turmeric_test_logits.npz,"sklearn.metrics.precision_score(labels==cls, preds==cls)",
7.2,Leaf Spot_recall,turmeric,ConvNeXt-Tiny,42,test,available,0.9655172413793104,0.9655,score,ml/calibration/cache/turmeric_test_logits.npz,"sklearn.metrics.recall_score(labels==cls, preds==cls)",
7.2,Leaf Spot_f1,turmeric,ConvNeXt-Tiny,42,test,available,0.9824561403508771,0.9825,score,ml/calibration/cache/turmeric_test_logits.npz,"sklearn.metrics.f1_score(labels==cls, preds==cls)",
7.2,Leaf Spot_support,turmeric,ConvNeXt-Tiny,42,test,available,29,29,count,data/metadata/splits/turmeric_test.csv,np.bincount(labels),
7.3,Algal_Leaf_Spot_precision,citrus,EfficientNetV2-S,42,test,available,1.0,1.0000,score,ml/calibration/cache/citrus_test_logits.npz,"sklearn.metrics.precision_score(labels==cls, preds==cls)",
7.3,Algal_Leaf_Spot_recall,citrus,EfficientNetV2-S,42,test,available,1.0,1.0000,score,ml/calibration/cache/citrus_test_logits.npz,"sklearn.metrics.recall_score(labels==cls, preds==cls)",
7.3,Algal_Leaf_Spot_f1,citrus,EfficientNetV2-S,42,test,available,1.0,1.0000,score,ml/calibration/cache/citrus_test_logits.npz,"sklearn.metrics.f1_score(labels==cls, preds==cls)",
7.3,Algal_Leaf_Spot_support,citrus,EfficientNetV2-S,42,test,available,126,126,count,data/metadata/splits/citrus_test.csv,np.bincount(labels),
7.3,Anthracnose_precision,citrus,EfficientNetV2-S,42,test,available,0.8473282442748091,0.8473,score,ml/calibration/cache/citrus_test_logits.npz,"sklearn.metrics.precision_score(labels==cls, preds==cls)",
7.3,Anthracnose_recall,citrus,EfficientNetV2-S,42,test,available,0.8809523809523809,0.8810,score,ml/calibration/cache/citrus_test_logits.npz,"sklearn.metrics.recall_score(labels==cls, preds==cls)",
7.3,Anthracnose_f1,citrus,EfficientNetV2-S,42,test,available,0.8638132295719845,0.8638,score,ml/calibration/cache/citrus_test_logits.npz,"sklearn.metrics.f1_score(labels==cls, preds==cls)",
7.3,Anthracnose_support,citrus,EfficientNetV2-S,42,test,available,126,126,count,data/metadata/splits/citrus_test.csv,np.bincount(labels),
7.3,Bacterial Blight_precision,citrus,EfficientNetV2-S,42,test,available,0.45454545454545453,0.4545,score,ml/calibration/cache/citrus_test_logits.npz,"sklearn.metrics.precision_score(labels==cls, preds==cls)",
7.3,Bacterial Blight_recall,citrus,EfficientNetV2-S,42,test,available,0.5263157894736842,0.5263,score,ml/calibration/cache/citrus_test_logits.npz,"sklearn.metrics.recall_score(labels==cls, preds==cls)",
7.3,Bacterial Blight_f1,citrus,EfficientNetV2-S,42,test,available,0.4878048780487805,0.4878,score,ml/calibration/cache/citrus_test_logits.npz,"sklearn.metrics.f1_score(labels==cls, preds==cls)",
7.3,Bacterial Blight_support,citrus,EfficientNetV2-S,42,test,available,19,19,count,data/metadata/splits/citrus_test.csv,np.bincount(labels),
7.3,Black Spot_precision,citrus,EfficientNetV2-S,42,test,available,0.9705882352941176,0.9706,score,ml/calibration/cache/citrus_test_logits.npz,"sklearn.metrics.precision_score(labels==cls, preds==cls)",
7.3,Black Spot_recall,citrus,EfficientNetV2-S,42,test,available,0.9428571428571428,0.9429,score,ml/calibration/cache/citrus_test_logits.npz,"sklearn.metrics.recall_score(labels==cls, preds==cls)",
7.3,Black Spot_f1,citrus,EfficientNetV2-S,42,test,available,0.9565217391304348,0.9565,score,ml/calibration/cache/citrus_test_logits.npz,"sklearn.metrics.f1_score(labels==cls, preds==cls)",
7.3,Black Spot_support,citrus,EfficientNetV2-S,42,test,available,105,105,count,data/metadata/splits/citrus_test.csv,np.bincount(labels),
7.3,Citrus Canker_precision,citrus,EfficientNetV2-S,42,test,available,0.9419642857142857,0.9420,score,ml/calibration/cache/citrus_test_logits.npz,"sklearn.metrics.precision_score(labels==cls, preds==cls)",
7.3,Citrus Canker_recall,citrus,EfficientNetV2-S,42,test,available,0.9377777777777778,0.9378,score,ml/calibration/cache/citrus_test_logits.npz,"sklearn.metrics.recall_score(labels==cls, preds==cls)",
7.3,Citrus Canker_f1,citrus,EfficientNetV2-S,42,test,available,0.9398663697104677,0.9399,score,ml/calibration/cache/citrus_test_logits.npz,"sklearn.metrics.f1_score(labels==cls, preds==cls)",
7.3,Citrus Canker_support,citrus,EfficientNetV2-S,42,test,available,225,225,count,data/metadata/splits/citrus_test.csv,np.bincount(labels),
7.3,Citrus Hindu Mite_precision,citrus,EfficientNetV2-S,42,test,available,0.8953488372093024,0.8953,score,ml/calibration/cache/citrus_test_logits.npz,"sklearn.metrics.precision_score(labels==cls, preds==cls)",
7.3,Citrus Hindu Mite_recall,citrus,EfficientNetV2-S,42,test,available,0.9506172839506173,0.9506,score,ml/calibration/cache/citrus_test_logits.npz,"sklearn.metrics.recall_score(labels==cls, preds==cls)",
7.3,Citrus Hindu Mite_f1,citrus,EfficientNetV2-S,42,test,available,0.9221556886227545,0.9222,score,ml/calibration/cache/citrus_test_logits.npz,"sklearn.metrics.f1_score(labels==cls, preds==cls)",
7.3,Citrus Hindu Mite_support,citrus,EfficientNetV2-S,42,test,available,81,81,count,data/metadata/splits/citrus_test.csv,np.bincount(labels),
7.3,Citrus Leafminer_precision,citrus,EfficientNetV2-S,42,test,available,0.8807339449541285,0.8807,score,ml/calibration/cache/citrus_test_logits.npz,"sklearn.metrics.precision_score(labels==cls, preds==cls)",
7.3,Citrus Leafminer_recall,citrus,EfficientNetV2-S,42,test,available,0.8205128205128205,0.8205,score,ml/calibration/cache/citrus_test_logits.npz,"sklearn.metrics.recall_score(labels==cls, preds==cls)",
7.3,Citrus Leafminer_f1,citrus,EfficientNetV2-S,42,test,available,0.8495575221238938,0.8496,score,ml/calibration/cache/citrus_test_logits.npz,"sklearn.metrics.f1_score(labels==cls, preds==cls)",
7.3,Citrus Leafminer_support,citrus,EfficientNetV2-S,42,test,available,117,117,count,data/metadata/splits/citrus_test.csv,np.bincount(labels),
7.3,Citrus_Pest_precision,citrus,EfficientNetV2-S,42,test,available,1.0,1.0000,score,ml/calibration/cache/citrus_test_logits.npz,"sklearn.metrics.precision_score(labels==cls, preds==cls)",
7.3,Citrus_Pest_recall,citrus,EfficientNetV2-S,42,test,available,1.0,1.0000,score,ml/calibration/cache/citrus_test_logits.npz,"sklearn.metrics.recall_score(labels==cls, preds==cls)",
7.3,Citrus_Pest_f1,citrus,EfficientNetV2-S,42,test,available,1.0,1.0000,score,ml/calibration/cache/citrus_test_logits.npz,"sklearn.metrics.f1_score(labels==cls, preds==cls)",
7.3,Citrus_Pest_support,citrus,EfficientNetV2-S,42,test,available,82,82,count,data/metadata/splits/citrus_test.csv,np.bincount(labels),
7.3,Citrus_Scab_precision,citrus,EfficientNetV2-S,42,test,available,1.0,1.0000,score,ml/calibration/cache/citrus_test_logits.npz,"sklearn.metrics.precision_score(labels==cls, preds==cls)",
7.3,Citrus_Scab_recall,citrus,EfficientNetV2-S,42,test,available,1.0,1.0000,score,ml/calibration/cache/citrus_test_logits.npz,"sklearn.metrics.recall_score(labels==cls, preds==cls)",
7.3,Citrus_Scab_f1,citrus,EfficientNetV2-S,42,test,available,1.0,1.0000,score,ml/calibration/cache/citrus_test_logits.npz,"sklearn.metrics.f1_score(labels==cls, preds==cls)",
7.3,Citrus_Scab_support,citrus,EfficientNetV2-S,42,test,available,50,50,count,data/metadata/splits/citrus_test.csv,np.bincount(labels),
7.3,Curl Leaf_precision,citrus,EfficientNetV2-S,42,test,available,0.9067796610169492,0.9068,score,ml/calibration/cache/citrus_test_logits.npz,"sklearn.metrics.precision_score(labels==cls, preds==cls)",
7.3,Curl Leaf_recall,citrus,EfficientNetV2-S,42,test,available,0.9106382978723404,0.9106,score,ml/calibration/cache/citrus_test_logits.npz,"sklearn.metrics.recall_score(labels==cls, preds==cls)",
7.3,Curl Leaf_f1,citrus,EfficientNetV2-S,42,test,available,0.9087048832271762,0.9087,score,ml/calibration/cache/citrus_test_logits.npz,"sklearn.metrics.f1_score(labels==cls, preds==cls)",
7.3,Curl Leaf_support,citrus,EfficientNetV2-S,42,test,available,235,235,count,data/metadata/splits/citrus_test.csv,np.bincount(labels),
7.3,Dry Leaf_precision,citrus,EfficientNetV2-S,42,test,available,0.7333333333333333,0.7333,score,ml/calibration/cache/citrus_test_logits.npz,"sklearn.metrics.precision_score(labels==cls, preds==cls)",
7.3,Dry Leaf_recall,citrus,EfficientNetV2-S,42,test,available,0.7333333333333333,0.7333,score,ml/calibration/cache/citrus_test_logits.npz,"sklearn.metrics.recall_score(labels==cls, preds==cls)",
7.3,Dry Leaf_f1,citrus,EfficientNetV2-S,42,test,available,0.7333333333333333,0.7333,score,ml/calibration/cache/citrus_test_logits.npz,"sklearn.metrics.f1_score(labels==cls, preds==cls)",
7.3,Dry Leaf_support,citrus,EfficientNetV2-S,42,test,available,30,30,count,data/metadata/splits/citrus_test.csv,np.bincount(labels),
7.3,Greening_precision,citrus,EfficientNetV2-S,42,test,available,0.895910780669145,0.8959,score,ml/calibration/cache/citrus_test_logits.npz,"sklearn.metrics.precision_score(labels==cls, preds==cls)",
7.3,Greening_recall,citrus,EfficientNetV2-S,42,test,available,0.9198473282442748,0.9198,score,ml/calibration/cache/citrus_test_logits.npz,"sklearn.metrics.recall_score(labels==cls, preds==cls)",
7.3,Greening_f1,citrus,EfficientNetV2-S,42,test,available,0.9077212806026366,0.9077,score,ml/calibration/cache/citrus_test_logits.npz,"sklearn.metrics.f1_score(labels==cls, preds==cls)",
7.3,Greening_support,citrus,EfficientNetV2-S,42,test,available,262,262,count,data/metadata/splits/citrus_test.csv,np.bincount(labels),
7.3,Healthy_precision,citrus,EfficientNetV2-S,42,test,available,0.975103734439834,0.9751,score,ml/calibration/cache/citrus_test_logits.npz,"sklearn.metrics.precision_score(labels==cls, preds==cls)",
7.3,Healthy_recall,citrus,EfficientNetV2-S,42,test,available,0.9591836734693877,0.9592,score,ml/calibration/cache/citrus_test_logits.npz,"sklearn.metrics.recall_score(labels==cls, preds==cls)",
7.3,Healthy_f1,citrus,EfficientNetV2-S,42,test,available,0.9670781893004116,0.9671,score,ml/calibration/cache/citrus_test_logits.npz,"sklearn.metrics.f1_score(labels==cls, preds==cls)",
7.3,Healthy_support,citrus,EfficientNetV2-S,42,test,available,245,245,count,data/metadata/splits/citrus_test.csv,np.bincount(labels),
7.3,Lemon_Sooty_Mold_precision,citrus,EfficientNetV2-S,42,test,available,1.0,1.0000,score,ml/calibration/cache/citrus_test_logits.npz,"sklearn.metrics.precision_score(labels==cls, preds==cls)",
7.3,Lemon_Sooty_Mold_recall,citrus,EfficientNetV2-S,42,test,available,1.0,1.0000,score,ml/calibration/cache/citrus_test_logits.npz,"sklearn.metrics.recall_score(labels==cls, preds==cls)",
7.3,Lemon_Sooty_Mold_f1,citrus,EfficientNetV2-S,42,test,available,1.0,1.0000,score,ml/calibration/cache/citrus_test_logits.npz,"sklearn.metrics.f1_score(labels==cls, preds==cls)",
7.3,Lemon_Sooty_Mold_support,citrus,EfficientNetV2-S,42,test,available,239,239,count,data/metadata/splits/citrus_test.csv,np.bincount(labels),
7.3,Melanose_precision,citrus,EfficientNetV2-S,42,test,available,0.6333333333333333,0.6333,score,ml/calibration/cache/citrus_test_logits.npz,"sklearn.metrics.precision_score(labels==cls, preds==cls)",
7.3,Melanose_recall,citrus,EfficientNetV2-S,42,test,available,0.6785714285714286,0.6786,score,ml/calibration/cache/citrus_test_logits.npz,"sklearn.metrics.recall_score(labels==cls, preds==cls)",
7.3,Melanose_f1,citrus,EfficientNetV2-S,42,test,available,0.6551724137931034,0.6552,score,ml/calibration/cache/citrus_test_logits.npz,"sklearn.metrics.f1_score(labels==cls, preds==cls)",
7.3,Melanose_support,citrus,EfficientNetV2-S,42,test,available,28,28,count,data/metadata/splits/citrus_test.csv,np.bincount(labels),
7.3,Spider Mites_precision,citrus,EfficientNetV2-S,42,test,available,0.85,0.8500,score,ml/calibration/cache/citrus_test_logits.npz,"sklearn.metrics.precision_score(labels==cls, preds==cls)",
7.3,Spider Mites_recall,citrus,EfficientNetV2-S,42,test,available,0.9444444444444444,0.9444,score,ml/calibration/cache/citrus_test_logits.npz,"sklearn.metrics.recall_score(labels==cls, preds==cls)",
7.3,Spider Mites_f1,citrus,EfficientNetV2-S,42,test,available,0.8947368421052632,0.8947,score,ml/calibration/cache/citrus_test_logits.npz,"sklearn.metrics.f1_score(labels==cls, preds==cls)",
7.3,Spider Mites_support,citrus,EfficientNetV2-S,42,test,available,18,18,count,data/metadata/splits/citrus_test.csv,np.bincount(labels),
7.3,Swallowtail Larval Herbivory (Deficiency)_precision,citrus,EfficientNetV2-S,42,test,available,0.8951048951048951,0.8951,score,ml/calibration/cache/citrus_test_logits.npz,"sklearn.metrics.precision_score(labels==cls, preds==cls)",
7.3,Swallowtail Larval Herbivory (Deficiency)_recall,citrus,EfficientNetV2-S,42,test,available,0.8421052631578947,0.8421,score,ml/calibration/cache/citrus_test_logits.npz,"sklearn.metrics.recall_score(labels==cls, preds==cls)",
7.3,Swallowtail Larval Herbivory (Deficiency)_f1,citrus,EfficientNetV2-S,42,test,available,0.8677966101694915,0.8678,score,ml/calibration/cache/citrus_test_logits.npz,"sklearn.metrics.f1_score(labels==cls, preds==cls)",
7.3,Swallowtail Larval Herbivory (Deficiency)_support,citrus,EfficientNetV2-S,42,test,available,152,152,count,data/metadata/splits/citrus_test.csv,np.bincount(labels),
7.3,Yellow_Spot_precision,citrus,EfficientNetV2-S,42,test,available,1.0,1.0000,score,ml/calibration/cache/citrus_test_logits.npz,"sklearn.metrics.precision_score(labels==cls, preds==cls)",
7.3,Yellow_Spot_recall,citrus,EfficientNetV2-S,42,test,available,1.0,1.0000,score,ml/calibration/cache/citrus_test_logits.npz,"sklearn.metrics.recall_score(labels==cls, preds==cls)",
7.3,Yellow_Spot_f1,citrus,EfficientNetV2-S,42,test,available,1.0,1.0000,score,ml/calibration/cache/citrus_test_logits.npz,"sklearn.metrics.f1_score(labels==cls, preds==cls)",
7.3,Yellow_Spot_support,citrus,EfficientNetV2-S,42,test,available,101,101,count,data/metadata/splits/citrus_test.csv,np.bincount(labels),
7.4,in_dataset_macro_f1,citrus,EfficientNetV2-S,42,citrus_test.csv,available,0.8863478419655002,0.8863,score,ml/calibration/cache/citrus_test_logits.npz,"sklearn.metrics.f1_score(labels, preds, average='macro')","18-class test set, N=2241"
7.4,cross_dataset_macro_f1,citrus,EfficientNetV2-S,42,citrus_external_test.csv,available,0.4892190182006133,0.4892,score,data/metadata/splits/citrus_external_test.csv,"EfficientNetV2-S forward pass on 609 external images, 5 shared classes submatrix macro F1",N=609 external test samples
7.4,cross_dataset_accuracy,citrus,EfficientNetV2-S,42,citrus_external_test.csv,available,0.6600985221674877,66.01%,ratio,data/metadata/splits/citrus_external_test.csv,"EfficientNetV2-S forward pass on 609 external images, 5 shared classes submatrix accuracy",
7.4,cross_dataset_f1_drop,citrus,EfficientNetV2-S,42,citrus_external_test.csv,available,44.8,44.80%,percentage,computed from in-dataset and cross-dataset macro F1,((in_f1 - cross_f1) / in_f1) * 100,
7.4,cross_Black Spot_precision,citrus,EfficientNetV2-S,42,citrus_external_test.csv,available,0.7667,0.7667,score,data/metadata/splits/citrus_external_test.csv,sklearn.metrics.precision_score,
7.4,cross_Black Spot_recall,citrus,EfficientNetV2-S,42,citrus_external_test.csv,available,0.269,0.2690,score,data/metadata/splits/citrus_external_test.csv,sklearn.metrics.recall_score,
7.4,cross_Black Spot_f1,citrus,EfficientNetV2-S,42,citrus_external_test.csv,available,0.3983,0.3983,score,data/metadata/splits/citrus_external_test.csv,sklearn.metrics.f1_score,
7.4,cross_Black Spot_support,citrus,EfficientNetV2-S,42,citrus_external_test.csv,available,171,171,count,data/metadata/splits/citrus_external_test.csv,np.bincount(external_labels),
7.4,cross_Citrus Canker_precision,citrus,EfficientNetV2-S,42,citrus_external_test.csv,available,0.9325,0.9325,score,data/metadata/splits/citrus_external_test.csv,sklearn.metrics.precision_score,
7.4,cross_Citrus Canker_recall,citrus,EfficientNetV2-S,42,citrus_external_test.csv,available,0.9325,0.9325,score,data/metadata/splits/citrus_external_test.csv,sklearn.metrics.recall_score,
7.4,cross_Citrus Canker_f1,citrus,EfficientNetV2-S,42,citrus_external_test.csv,available,0.9325,0.9325,score,data/metadata/splits/citrus_external_test.csv,sklearn.metrics.f1_score,
7.4,cross_Citrus Canker_support,citrus,EfficientNetV2-S,42,citrus_external_test.csv,available,163,163,count,data/metadata/splits/citrus_external_test.csv,np.bincount(external_labels),
7.4,cross_Greening_precision,citrus,EfficientNetV2-S,42,citrus_external_test.csv,available,0.5497,0.5497,score,data/metadata/splits/citrus_external_test.csv,sklearn.metrics.precision_score,
7.4,cross_Greening_recall,citrus,EfficientNetV2-S,42,citrus_external_test.csv,available,0.9216,0.9216,score,data/metadata/splits/citrus_external_test.csv,sklearn.metrics.recall_score,
7.4,cross_Greening_f1,citrus,EfficientNetV2-S,42,citrus_external_test.csv,available,0.6886,0.6886,score,data/metadata/splits/citrus_external_test.csv,sklearn.metrics.f1_score,
7.4,cross_Greening_support,citrus,EfficientNetV2-S,42,citrus_external_test.csv,available,204,204,count,data/metadata/splits/citrus_external_test.csv,np.bincount(external_labels),
7.4,cross_Healthy_precision,citrus,EfficientNetV2-S,42,citrus_external_test.csv,available,0.9412,0.9412,score,data/metadata/splits/citrus_external_test.csv,sklearn.metrics.precision_score,
7.4,cross_Healthy_recall,citrus,EfficientNetV2-S,42,citrus_external_test.csv,available,0.2759,0.2759,score,data/metadata/splits/citrus_external_test.csv,sklearn.metrics.recall_score,
7.4,cross_Healthy_f1,citrus,EfficientNetV2-S,42,citrus_external_test.csv,available,0.4267,0.4267,score,data/metadata/splits/citrus_external_test.csv,sklearn.metrics.f1_score,
7.4,cross_Healthy_support,citrus,EfficientNetV2-S,42,citrus_external_test.csv,available,58,58,count,data/metadata/splits/citrus_external_test.csv,np.bincount(external_labels),
7.4,cross_Melanose_precision,citrus,EfficientNetV2-S,42,citrus_external_test.csv,available,0.0,0.0000,score,data/metadata/splits/citrus_external_test.csv,sklearn.metrics.precision_score,
7.4,cross_Melanose_recall,citrus,EfficientNetV2-S,42,citrus_external_test.csv,available,0.0,0.0000,score,data/metadata/splits/citrus_external_test.csv,sklearn.metrics.recall_score,
7.4,cross_Melanose_f1,citrus,EfficientNetV2-S,42,citrus_external_test.csv,available,0.0,0.0000,score,data/metadata/splits/citrus_external_test.csv,sklearn.metrics.f1_score,
7.4,cross_Melanose_support,citrus,EfficientNetV2-S,42,citrus_external_test.csv,available,13,13,count,data/metadata/splits/citrus_external_test.csv,np.bincount(external_labels),
7.5,temperature_T,turmeric,ConvNeXt-Tiny,42,val,available,0.101698,0.1017,scalar,ml/calibration/turmeric_temperature.json,L-BFGS minimization of Negative Log Likelihood on validation split (N=187) only,
7.5,val_ece_before,turmeric,ConvNeXt-Tiny,42,val,available,0.006385,0.0064,score,ml/calibration/calibration_report.json,Equal-width 15-bin Expected Calibration Error on validation set before scaling,
7.5,val_ece_after,turmeric,ConvNeXt-Tiny,42,val,available,0.0,0.0000,score,ml/calibration/calibration_report.json,Equal-width 15-bin Expected Calibration Error on validation set after scaling (T=0.1017),
7.5,val_nll_before,turmeric,ConvNeXt-Tiny,42,val,available,0.006612,0.0066,score,ml/calibration/calibration_report.json,Negative Log Likelihood on validation set before scaling,
7.5,val_nll_after,turmeric,ConvNeXt-Tiny,42,val,available,0.0,0.0000,score,ml/calibration/calibration_report.json,Negative Log Likelihood on validation set after scaling,
7.5,val_brier_before,turmeric,ConvNeXt-Tiny,42,val,available,0.000752,0.0008,score,ml/calibration/calibration_report.json,Brier score on validation set before scaling,
7.5,val_brier_after,turmeric,ConvNeXt-Tiny,42,val,available,0.0,0.0000,score,ml/calibration/calibration_report.json,Brier score on validation set after scaling,
7.5,test_ece_before,turmeric,ConvNeXt-Tiny,42,test,available,0.005247,0.0052,score,ml/calibration/calibration_report.json,Equal-width 15-bin Expected Calibration Error on test set (N=186) before scaling,
7.5,test_ece_after,turmeric,ConvNeXt-Tiny,42,test,available,0.010745,0.0107,score,ml/calibration/calibration_report.json,Equal-width 15-bin Expected Calibration Error on test set after scaling (T=0.1017),Worsened from 0.0052 to 0.0107 due to temperature sharpening on near-perfect validation split
7.5,test_nll_before,turmeric,ConvNeXt-Tiny,42,test,available,0.042529,0.0425,score,ml/calibration/calibration_report.json,Negative Log Likelihood on test set before scaling,
7.5,test_nll_after,turmeric,ConvNeXt-Tiny,42,test,available,0.317621,0.3176,score,ml/calibration/calibration_report.json,Negative Log Likelihood on test set after scaling,
7.5,test_brier_before,turmeric,ConvNeXt-Tiny,42,test,available,0.017589,0.0176,score,ml/calibration/calibration_report.json,Brier score on test set before scaling,
7.5,test_brier_after,turmeric,ConvNeXt-Tiny,42,test,available,0.021498,0.0215,score,ml/calibration/calibration_report.json,Brier score on test set after scaling,
7.5,test_ece_reduction_percent,turmeric,ConvNeXt-Tiny,42,test,available,-104.78,-104.78%,percentage,ml/calibration/calibration_report.json,((ece_before - ece_after) / ece_before) * 100,Negative value indicates ECE worsened
7.5,temperature_T,citrus,EfficientNetV2-S,42,val,available,2.218093,2.2181,scalar,ml/calibration/citrus_temperature.json,L-BFGS minimization of Negative Log Likelihood on validation split (N=2235) only,
7.5,val_ece_before,citrus,EfficientNetV2-S,42,val,available,0.062936,0.0629,score,ml/calibration/calibration_report.json,Equal-width 15-bin Expected Calibration Error on validation set before scaling,
7.5,val_ece_after,citrus,EfficientNetV2-S,42,val,available,0.032162,0.0322,score,ml/calibration/calibration_report.json,Equal-width 15-bin Expected Calibration Error on validation set after scaling (T=2.2181),
7.5,val_nll_before,citrus,EfficientNetV2-S,42,val,available,0.472167,0.4722,score,ml/calibration/calibration_report.json,Negative Log Likelihood on validation set before scaling,
7.5,val_nll_after,citrus,EfficientNetV2-S,42,val,available,0.277218,0.2772,score,ml/calibration/calibration_report.json,Negative Log Likelihood on validation set after scaling,
7.5,val_brier_before,citrus,EfficientNetV2-S,42,val,available,0.136019,0.1360,score,ml/calibration/calibration_report.json,Brier score on validation set before scaling,
7.5,val_brier_after,citrus,EfficientNetV2-S,42,val,available,0.11669,0.1167,score,ml/calibration/calibration_report.json,Brier score on validation set after scaling,
7.5,test_ece_before,citrus,EfficientNetV2-S,42,test,available,0.058998,0.0590,score,ml/calibration/calibration_report.json,Equal-width 15-bin Expected Calibration Error on test set (N=2241) before scaling,
7.5,test_ece_after,citrus,EfficientNetV2-S,42,test,available,0.026995,0.0270,score,ml/calibration/calibration_report.json,Equal-width 15-bin Expected Calibration Error on test set after scaling (T=2.2181),ECE improved significantly from 0.0590 to 0.0270 (54.24% relative reduction)
7.5,test_nll_before,citrus,EfficientNetV2-S,42,test,available,0.450731,0.4507,score,ml/calibration/calibration_report.json,Negative Log Likelihood on test set before scaling,
7.5,test_nll_after,citrus,EfficientNetV2-S,42,test,available,0.270024,0.2700,score,ml/calibration/calibration_report.json,Negative Log Likelihood on test set after scaling,
7.5,test_brier_before,citrus,EfficientNetV2-S,42,test,available,0.131394,0.1314,score,ml/calibration/calibration_report.json,Brier score on test set before scaling,
7.5,test_brier_after,citrus,EfficientNetV2-S,42,test,available,0.114409,0.1144,score,ml/calibration/calibration_report.json,Brier score on test set after scaling,
7.5,test_ece_reduction_percent,citrus,EfficientNetV2-S,42,test,available,54.24,54.24%,percentage,ml/calibration/calibration_report.json,((ece_before - ece_after) / ece_before) * 100,54.24% reduction achieved
7.7,checkpoint_file_size_mb,turmeric,ConvNeXt-Tiny,42,production,available,106.2,106.20,MB,ml/models/turmeric/convnext_tiny/seed_42/best_model.pt,Path.stat().st_size / (1024 * 1024),
7.7,parameter_count_total,turmeric,ConvNeXt-Tiny,42,production,available,27823204,27823204,count,ml/models/turmeric/convnext_tiny/seed_42/best_model.pt,sum(p.numel() for p in model.parameters()),
7.7,parameter_count_M,turmeric,ConvNeXt-Tiny,42,production,available,27.82,27.82,M,ml/models/turmeric/convnext_tiny/seed_42/best_model.pt,"total_parameters / 1,000,000",
7.7,cpu_inference_median_ms,turmeric,ConvNeXt-Tiny,42,production,available,168.39,168.39,ms,ml/models/turmeric/convnext_tiny/seed_42/best_model.pt,"Median across 50 timed PyTorch CPU runs (batch=1, input 224x224, 5 warmup runs)",
7.7,cpu_inference_std_ms,turmeric,ConvNeXt-Tiny,42,production,available,39.46,39.46,ms,ml/models/turmeric/convnext_tiny/seed_42/best_model.pt,Standard deviation across 50 timed PyTorch CPU runs,
7.7,checkpoint_file_size_mb,citrus,EfficientNetV2-S,42,production,available,77.92,77.92,MB,ml/models/citrus/efficientnet_v2_s/seed_42/best_model.pt,Path.stat().st_size / (1024 * 1024),
7.7,parameter_count_total,citrus,EfficientNetV2-S,42,production,available,20200546,20200546,count,ml/models/citrus/efficientnet_v2_s/seed_42/best_model.pt,sum(p.numel() for p in model.parameters()),
7.7,parameter_count_M,citrus,EfficientNetV2-S,42,production,available,20.2,20.20,M,ml/models/citrus/efficientnet_v2_s/seed_42/best_model.pt,"total_parameters / 1,000,000",
7.7,cpu_inference_median_ms,citrus,EfficientNetV2-S,42,production,available,336.16,336.16,ms,ml/models/citrus/efficientnet_v2_s/seed_42/best_model.pt,"Median across 50 timed PyTorch CPU runs (batch=1, input 384x384, 5 warmup runs)",
7.7,cpu_inference_std_ms,citrus,EfficientNetV2-S,42,production,available,22.86,22.86,ms,ml/models/citrus/efficientnet_v2_s/seed_42/best_model.pt,Standard deviation across 50 timed PyTorch CPU runs,
7.8,this_work_accuracy,turmeric,ConvNeXt-Tiny,42,test,available,0.989247311827957,98.92%,ratio,ml/calibration/cache/turmeric_test_logits.npz,ConvNeXt-Tiny test accuracy on 4-class turmeric split (N=186),
7.8,this_work_macro_f1,turmeric,ConvNeXt-Tiny,42,test,available,0.9897353609163622,0.9897,score,ml/calibration/cache/turmeric_test_logits.npz,ConvNeXt-Tiny test macro F1 on 4-class turmeric split (N=186),
7.8,this_work_accuracy,citrus,EfficientNetV2-S,42,test,available,0.927264614011602,92.73%,ratio,ml/calibration/cache/citrus_test_logits.npz,EfficientNetV2-S test accuracy on 18-class citrus split (N=2241),
7.8,this_work_macro_f1,citrus,EfficientNetV2-S,42,test,available,0.8863479433188739,0.8863,score,ml/calibration/cache/citrus_test_logits.npz,EfficientNetV2-S test macro F1 on 18-class citrus split (N=2241),
Figure_7.1,fig71_turmeric_test_uncal_ece,turmeric,ConvNeXt-Tiny,42,test,available,0.004682092576898561,0.0047,score,ml/calibration/cache/turmeric_test_logits.npz,10-bin Expected Calibration Error (turmeric_test_uncal),
Figure_7.1,fig71_turmeric_test_uncal_bin_0_gap,turmeric,ConvNeXt-Tiny,42,test,available,0.0,0.0000,score,ml/calibration/cache/turmeric_test_logits.npz,"Bin 0 calibration gap [0.0, 0.1] (turmeric_test_uncal)","N=0, acc=None, conf=None"
Figure_7.1,fig71_turmeric_test_uncal_bin_1_gap,turmeric,ConvNeXt-Tiny,42,test,available,0.0,0.0000,score,ml/calibration/cache/turmeric_test_logits.npz,"Bin 1 calibration gap [0.1, 0.2] (turmeric_test_uncal)","N=0, acc=None, conf=None"
Figure_7.1,fig71_turmeric_test_uncal_bin_2_gap,turmeric,ConvNeXt-Tiny,42,test,available,0.0,0.0000,score,ml/calibration/cache/turmeric_test_logits.npz,"Bin 2 calibration gap [0.2, 0.3] (turmeric_test_uncal)","N=0, acc=None, conf=None"
Figure_7.1,fig71_turmeric_test_uncal_bin_3_gap,turmeric,ConvNeXt-Tiny,42,test,available,0.0,0.0000,score,ml/calibration/cache/turmeric_test_logits.npz,"Bin 3 calibration gap [0.3, 0.4] (turmeric_test_uncal)","N=0, acc=None, conf=None"
Figure_7.1,fig71_turmeric_test_uncal_bin_4_gap,turmeric,ConvNeXt-Tiny,42,test,available,0.0,0.0000,score,ml/calibration/cache/turmeric_test_logits.npz,"Bin 4 calibration gap [0.4, 0.5] (turmeric_test_uncal)","N=0, acc=None, conf=None"
Figure_7.1,fig71_turmeric_test_uncal_bin_5_gap,turmeric,ConvNeXt-Tiny,42,test,available,0.0,0.0000,score,ml/calibration/cache/turmeric_test_logits.npz,"Bin 5 calibration gap [0.5, 0.6] (turmeric_test_uncal)","N=0, acc=None, conf=None"
Figure_7.1,fig71_turmeric_test_uncal_bin_6_gap,turmeric,ConvNeXt-Tiny,42,test,available,0.165929,0.1659,score,ml/calibration/cache/turmeric_test_logits.npz,"Bin 6 calibration gap [0.6, 0.7] (turmeric_test_uncal)","N=2, acc=0.5, conf=0.665929"
Figure_7.1,fig71_turmeric_test_uncal_bin_7_gap,turmeric,ConvNeXt-Tiny,42,test,available,0.286186,0.2862,score,ml/calibration/cache/turmeric_test_logits.npz,"Bin 7 calibration gap [0.7, 0.8] (turmeric_test_uncal)","N=1, acc=1.0, conf=0.713814"
Figure_7.1,fig71_turmeric_test_uncal_bin_8_gap,turmeric,ConvNeXt-Tiny,42,test,available,0.0,0.0000,score,ml/calibration/cache/turmeric_test_logits.npz,"Bin 8 calibration gap [0.8, 0.9] (turmeric_test_uncal)","N=0, acc=None, conf=None"
Figure_7.1,fig71_turmeric_test_uncal_bin_9_gap,turmeric,ConvNeXt-Tiny,42,test,available,0.001382,0.0014,score,ml/calibration/cache/turmeric_test_logits.npz,"Bin 9 calibration gap [0.9, 1.0] (turmeric_test_uncal)","N=183, acc=0.994536, conf=0.995917"
Figure_7.1,fig71_turmeric_test_cal_ece,turmeric,ConvNeXt-Tiny,42,test,available,0.010744999172866976,0.0107,score,ml/calibration/cache/turmeric_test_logits.npz,10-bin Expected Calibration Error (turmeric_test_cal),
Figure_7.1,fig71_turmeric_test_cal_bin_0_gap,turmeric,ConvNeXt-Tiny,42,test,available,0.0,0.0000,score,ml/calibration/cache/turmeric_test_logits.npz,"Bin 0 calibration gap [0.0, 0.1] (turmeric_test_cal)","N=0, acc=None, conf=None"
Figure_7.1,fig71_turmeric_test_cal_bin_1_gap,turmeric,ConvNeXt-Tiny,42,test,available,0.0,0.0000,score,ml/calibration/cache/turmeric_test_logits.npz,"Bin 1 calibration gap [0.1, 0.2] (turmeric_test_cal)","N=0, acc=None, conf=None"
Figure_7.1,fig71_turmeric_test_cal_bin_2_gap,turmeric,ConvNeXt-Tiny,42,test,available,0.0,0.0000,score,ml/calibration/cache/turmeric_test_logits.npz,"Bin 2 calibration gap [0.2, 0.3] (turmeric_test_cal)","N=0, acc=None, conf=None"
Figure_7.1,fig71_turmeric_test_cal_bin_3_gap,turmeric,ConvNeXt-Tiny,42,test,available,0.0,0.0000,score,ml/calibration/cache/turmeric_test_logits.npz,"Bin 3 calibration gap [0.3, 0.4] (turmeric_test_cal)","N=0, acc=None, conf=None"
Figure_7.1,fig71_turmeric_test_cal_bin_4_gap,turmeric,ConvNeXt-Tiny,42,test,available,0.0,0.0000,score,ml/calibration/cache/turmeric_test_logits.npz,"Bin 4 calibration gap [0.4, 0.5] (turmeric_test_cal)","N=0, acc=None, conf=None"
Figure_7.1,fig71_turmeric_test_cal_bin_5_gap,turmeric,ConvNeXt-Tiny,42,test,available,0.0,0.0000,score,ml/calibration/cache/turmeric_test_logits.npz,"Bin 5 calibration gap [0.5, 0.6] (turmeric_test_cal)","N=0, acc=None, conf=None"
Figure_7.1,fig71_turmeric_test_cal_bin_6_gap,turmeric,ConvNeXt-Tiny,42,test,available,0.0,0.0000,score,ml/calibration/cache/turmeric_test_logits.npz,"Bin 6 calibration gap [0.6, 0.7] (turmeric_test_cal)","N=0, acc=None, conf=None"
Figure_7.1,fig71_turmeric_test_cal_bin_7_gap,turmeric,ConvNeXt-Tiny,42,test,available,0.0,0.0000,score,ml/calibration/cache/turmeric_test_logits.npz,"Bin 7 calibration gap [0.7, 0.8] (turmeric_test_cal)","N=0, acc=None, conf=None"
Figure_7.1,fig71_turmeric_test_cal_bin_8_gap,turmeric,ConvNeXt-Tiny,42,test,available,0.0,0.0000,score,ml/calibration/cache/turmeric_test_logits.npz,"Bin 8 calibration gap [0.8, 0.9] (turmeric_test_cal)","N=0, acc=None, conf=None"
Figure_7.1,fig71_turmeric_test_cal_bin_9_gap,turmeric,ConvNeXt-Tiny,42,test,available,0.010745,0.0107,score,ml/calibration/cache/turmeric_test_logits.npz,"Bin 9 calibration gap [0.9, 1.0] (turmeric_test_cal)","N=186, acc=0.989247, conf=0.999992"
Figure_7.1,fig71_citrus_test_uncal_ece,citrus,EfficientNetV2-S,42,test,available,0.058663043458245835,0.0587,score,ml/calibration/cache/citrus_test_logits.npz,10-bin Expected Calibration Error (citrus_test_uncal),
Figure_7.1,fig71_citrus_test_uncal_bin_0_gap,citrus,EfficientNetV2-S,42,test,available,0.0,0.0000,score,ml/calibration/cache/citrus_test_logits.npz,"Bin 0 calibration gap [0.0, 0.1] (citrus_test_uncal)","N=0, acc=None, conf=None"
Figure_7.1,fig71_citrus_test_uncal_bin_1_gap,citrus,EfficientNetV2-S,42,test,available,0.0,0.0000,score,ml/calibration/cache/citrus_test_logits.npz,"Bin 1 calibration gap [0.1, 0.2] (citrus_test_uncal)","N=0, acc=None, conf=None"
Figure_7.1,fig71_citrus_test_uncal_bin_2_gap,citrus,EfficientNetV2-S,42,test,available,0.0,0.0000,score,ml/calibration/cache/citrus_test_logits.npz,"Bin 2 calibration gap [0.2, 0.3] (citrus_test_uncal)","N=0, acc=None, conf=None"
Figure_7.1,fig71_citrus_test_uncal_bin_3_gap,citrus,EfficientNetV2-S,42,test,available,0.64357,0.6436,score,ml/calibration/cache/citrus_test_logits.npz,"Bin 3 calibration gap [0.3, 0.4] (citrus_test_uncal)","N=1, acc=1.0, conf=0.35643"
Figure_7.1,fig71_citrus_test_uncal_bin_4_gap,citrus,EfficientNetV2-S,42,test,available,0.067241,0.0672,score,ml/calibration/cache/citrus_test_logits.npz,"Bin 4 calibration gap [0.4, 0.5] (citrus_test_uncal)","N=4, acc=0.5, conf=0.432759"
Figure_7.1,fig71_citrus_test_uncal_bin_5_gap,citrus,EfficientNetV2-S,42,test,available,0.13963,0.1396,score,ml/calibration/cache/citrus_test_logits.npz,"Bin 5 calibration gap [0.5, 0.6] (citrus_test_uncal)","N=19, acc=0.421053, conf=0.560682"
Figure_7.1,fig71_citrus_test_uncal_bin_6_gap,citrus,EfficientNetV2-S,42,test,available,0.218551,0.2186,score,ml/calibration/cache/citrus_test_logits.npz,"Bin 6 calibration gap [0.6, 0.7] (citrus_test_uncal)","N=16, acc=0.4375, conf=0.656051"
Figure_7.1,fig71_citrus_test_uncal_bin_7_gap,citrus,EfficientNetV2-S,42,test,available,0.262098,0.2621,score,ml/calibration/cache/citrus_test_logits.npz,"Bin 7 calibration gap [0.7, 0.8] (citrus_test_uncal)","N=28, acc=0.5, conf=0.762098"
Figure_7.1,fig71_citrus_test_uncal_bin_8_gap,citrus,EfficientNetV2-S,42,test,available,0.25252,0.2525,score,ml/calibration/cache/citrus_test_logits.npz,"Bin 8 calibration gap [0.8, 0.9] (citrus_test_uncal)","N=35, acc=0.6, conf=0.85252"
Figure_7.1,fig71_citrus_test_uncal_bin_9_gap,citrus,EfficientNetV2-S,42,test,available,0.05062,0.0506,score,ml/calibration/cache/citrus_test_logits.npz,"Bin 9 calibration gap [0.9, 1.0] (citrus_test_uncal)","N=2138, acc=0.947147, conf=0.997766"
Figure_7.1,fig71_citrus_test_cal_ece,citrus,EfficientNetV2-S,42,test,available,0.022961508331422204,0.0230,score,ml/calibration/cache/citrus_test_logits.npz,10-bin Expected Calibration Error (citrus_test_cal),
Figure_7.1,fig71_citrus_test_cal_bin_0_gap,citrus,EfficientNetV2-S,42,test,available,0.0,0.0000,score,ml/calibration/cache/citrus_test_logits.npz,"Bin 0 calibration gap [0.0, 0.1] (citrus_test_cal)","N=0, acc=None, conf=None"
Figure_7.1,fig71_citrus_test_cal_bin_1_gap,citrus,EfficientNetV2-S,42,test,available,0.0,0.0000,score,ml/calibration/cache/citrus_test_logits.npz,"Bin 1 calibration gap [0.1, 0.2] (citrus_test_cal)","N=0, acc=None, conf=None"
Figure_7.1,fig71_citrus_test_cal_bin_2_gap,citrus,EfficientNetV2-S,42,test,available,0.205748,0.2057,score,ml/calibration/cache/citrus_test_logits.npz,"Bin 2 calibration gap [0.2, 0.3] (citrus_test_cal)","N=2, acc=0.5, conf=0.294252"
Figure_7.1,fig71_citrus_test_cal_bin_3_gap,citrus,EfficientNetV2-S,42,test,available,0.069092,0.0691,score,ml/calibration/cache/citrus_test_logits.npz,"Bin 3 calibration gap [0.3, 0.4] (citrus_test_cal)","N=12, acc=0.416667, conf=0.347575"
Figure_7.1,fig71_citrus_test_cal_bin_4_gap,citrus,EfficientNetV2-S,42,test,available,0.174509,0.1745,score,ml/calibration/cache/citrus_test_logits.npz,"Bin 4 calibration gap [0.4, 0.5] (citrus_test_cal)","N=25, acc=0.28, conf=0.454509"
Figure_7.1,fig71_citrus_test_cal_bin_5_gap,citrus,EfficientNetV2-S,42,test,available,0.09397,0.0940,score,ml/calibration/cache/citrus_test_logits.npz,"Bin 5 calibration gap [0.5, 0.6] (citrus_test_cal)","N=42, acc=0.642857, conf=0.548887"
Figure_7.1,fig71_citrus_test_cal_bin_6_gap,citrus,EfficientNetV2-S,42,test,available,0.112583,0.1126,score,ml/calibration/cache/citrus_test_logits.npz,"Bin 6 calibration gap [0.6, 0.7] (citrus_test_cal)","N=52, acc=0.538462, conf=0.651044"
Figure_7.1,fig71_citrus_test_cal_bin_7_gap,citrus,EfficientNetV2-S,42,test,available,0.184577,0.1846,score,ml/calibration/cache/citrus_test_logits.npz,"Bin 7 calibration gap [0.7, 0.8] (citrus_test_cal)","N=62, acc=0.564516, conf=0.749093"
Figure_7.1,fig71_citrus_test_cal_bin_8_gap,citrus,EfficientNetV2-S,42,test,available,0.157046,0.1570,score,ml/calibration/cache/citrus_test_logits.npz,"Bin 8 calibration gap [0.8, 0.9] (citrus_test_cal)","N=97, acc=0.701031, conf=0.858077"
Figure_7.1,fig71_citrus_test_cal_bin_9_gap,citrus,EfficientNetV2-S,42,test,available,0.00481,0.0048,score,ml/calibration/cache/citrus_test_logits.npz,"Bin 9 calibration gap [0.9, 1.0] (citrus_test_cal)","N=1949, acc=0.97845, conf=0.97364"
7.1,mean_sd_accuracy,turmeric,ConvNeXt-Tiny,"123, 7",test,not_available,NOT AVAILABLE,NOT AVAILABLE,N/A,NONE — experiment not conducted,N/A,Reason: Checkpoints for seeds 123 and 7 do not physically exist in ml/models/turmeric/convnext_tiny/. | Required: Execute training pipeline for seeds 123 and 7.
7.1,mean_sd_macro_f1,turmeric,ConvNeXt-Tiny,"123, 7",test,not_available,NOT AVAILABLE,NOT AVAILABLE,N/A,NONE — experiment not conducted,N/A,Reason: Checkpoints for seeds 123 and 7 do not physically exist in ml/models/turmeric/convnext_tiny/. | Required: Execute training pipeline for seeds 123 and 7.
7.1,mean_sd_accuracy,citrus,EfficientNetV2-S,"123, 7",test,not_available,NOT AVAILABLE,NOT AVAILABLE,N/A,NONE — experiment not conducted,N/A,Reason: Checkpoints for seeds 123 and 7 do not physically exist in ml/models/citrus/efficientnet_v2_s/. | Required: Execute training pipeline for seeds 123 and 7.
7.1,mean_sd_macro_f1,citrus,EfficientNetV2-S,"123, 7",test,not_available,NOT AVAILABLE,NOT AVAILABLE,N/A,NONE — experiment not conducted,N/A,Reason: Checkpoints for seeds 123 and 7 do not physically exist in ml/models/citrus/efficientnet_v2_s/. | Required: Execute training pipeline for seeds 123 and 7.
7.4,in_dataset_macro_f1,turmeric,ConvNeXt-Tiny,42,turmeric_test.csv,not_available,NOT AVAILABLE,NOT AVAILABLE,N/A,NONE — experiment not conducted,N/A,Reason: Combined-pool model cannot serve as a cross-dataset experiment. | Required: Execute TURM_CROSS_B_TO_A and TURM_CROSS_A_TO_B source-isolated training runs per data/reports/turmeric_cross_dataset_protocol.md.
7.4,cross_dataset_macro_f1,turmeric,ConvNeXt-Tiny,42,external_test,not_available,NOT AVAILABLE,NOT AVAILABLE,N/A,NONE — experiment not conducted,N/A,Reason: Source-isolated training experiments not executed. | Required: Execute TURM_CROSS_B_TO_A and TURM_CROSS_A_TO_B source-isolated training runs per data/reports/turmeric_cross_dataset_protocol.md.
7.4,cross_dataset_f1_drop,turmeric,ConvNeXt-Tiny,42,external_test,not_available,NOT AVAILABLE,NOT AVAILABLE,N/A,NONE — experiment not conducted,N/A,Reason: Source-isolated training experiments not executed. | Required: Execute TURM_CROSS_B_TO_A and TURM_CROSS_A_TO_B source-isolated training runs per data/reports/turmeric_cross_dataset_protocol.md.
7.6,gradcam_attention_in_lesion,turmeric,ConvNeXt-Tiny,42,test,not_available,NOT AVAILABLE,NOT AVAILABLE,N/A,NONE — experiment not conducted,N/A,Reason: Lesion ground-truth masks/bounding boxes do not exist; pointing-game not executed. | Required: Annotate lesion ground truth on test images (N >= 100) and run pointing game evaluation.
7.6,gradcam_plus_plus_attention_in_lesion,turmeric,ConvNeXt-Tiny,42,test,not_available,NOT AVAILABLE,NOT AVAILABLE,N/A,NONE — experiment not conducted,N/A,Reason: Grad-CAM++ not implemented; lesion ground truth masks do not exist. | Required: Implement Grad-CAM++ layer and evaluate against annotated lesion ground truth.
7.6,background_masking_delta_accuracy,turmeric,ConvNeXt-Tiny,42,test,not_available,NOT AVAILABLE,NOT AVAILABLE,N/A,NONE — experiment not conducted,N/A,Reason: Background perturbation / masking evaluation protocol not executed. | Required: Execute background-masking ablation protocol measuring accuracy drop when non-lesion pixels masked.
7.6,gradcam_attention_in_lesion,citrus,EfficientNetV2-S,42,test,not_available,NOT AVAILABLE,NOT AVAILABLE,N/A,NONE — experiment not conducted,N/A,Reason: Lesion ground-truth masks/bounding boxes do not exist; pointing-game not executed. | Required: Annotate lesion ground truth on test images (N >= 100) and run pointing game evaluation.
7.6,gradcam_plus_plus_attention_in_lesion,citrus,EfficientNetV2-S,42,test,not_available,NOT AVAILABLE,NOT AVAILABLE,N/A,NONE — experiment not conducted,N/A,Reason: Grad-CAM++ not implemented; lesion ground truth masks do not exist. | Required: Implement Grad-CAM++ layer and evaluate against annotated lesion ground truth.
7.6,background_masking_delta_accuracy,citrus,EfficientNetV2-S,42,test,not_available,NOT AVAILABLE,NOT AVAILABLE,N/A,NONE — experiment not conducted,N/A,Reason: Background perturbation / masking evaluation protocol not executed. | Required: Execute background-masking ablation protocol measuring accuracy drop when non-lesion pixels masked.
